Name,Gene(s),Protein change,Condition(s),Accession,GRCh37Chromosome,GRCh37Location,GRCh38Chromosome,GRCh38Location,VariationID,AlleleID(s),dbSNP ID,Canonical SPDI,Variant type,Molecular consequence,Germline classification,Germline date last evaluated,Germline review status,Somatic clinical impact,Somatic clinical impact date last evaluated,Somatic clinical impact review status,Oncogenicity classification,Oncogenicity date last evaluated,Oncogenicity review status,Unnamed: 24
NM_002299.4(LCT):c.*429A>C,LCT,,not provided|Congenital lactase deficiency|Lactose intolerance,VCV000331155,2,136545465,2.0,135787895,331155,282500,rs77631953,NC_000002.12:135787894:T:G,single nucleotide variant,3 prime UTR variant,Likely benign,"Jun 14, 2016","criteria provided, multiple submitters, no conflicts",,,,,,,
NM_002299.4(LCT):c.*325G>C,LCT,,Congenital lactase deficiency|Lactose intolerance,VCV000331156,2,136545569,2.0,135787999,331156,282503,rs62170085,NC_000002.12:135787998:C:G,single nucleotide variant,3 prime UTR variant,Conflicting classifications of pathogenicity,"Jan 13, 2018","criteria provided, conflicting classifications",,,,,,,
NM_002299.4(LCT):c.*275A>G,LCT,,Congenital lactase deficiency,VCV000894022,2,136545619,2.0,135788049,894022,881066,rs1008625417,NC_000002.12:135788048:T:C,single nucleotide variant,3 prime UTR variant,Uncertain significance,"Jan 12, 2018","criteria provided, single submitter",,,,,,,
NM_002299.4(LCT):c.*251G>A,LCT,,Congenital lactase deficiency|Lactose intolerance,VCV000331157,2,136545643,2.0,135788073,331157,284357,rs886054860,NC_000002.12:135788072:C:T,single nucleotide variant,3 prime UTR variant,Uncertain significance,"Jun 14, 2016","criteria provided, single submitter",,,,,,,
NM_002299.4(LCT):c.*239C>T,LCT,,Congenital lactase deficiency,VCV000894023,2,136545655,2.0,135788085,894023,881067,rs16832012,NC_000002.12:135788084:G:A,single nucleotide variant,3 prime UTR variant,Uncertain significance,"Jan 12, 2018","criteria provided, single submitter",,,,,,,
NM_002299.4(LCT):c.*235C>T,LCT,,Congenital lactase deficiency,VCV000894024,2,136545659,2.0,135788089,894024,881068,rs116002539,NC_000002.12:135788088:G:A,single nucleotide variant,3 prime UTR variant,Likely benign,"Jan 13, 2018","criteria provided, single submitter",,,,,,,
NM_002299.4(LCT):c.*230T>C,LCT,,Congenital lactase deficiency|Lactose intolerance,VCV000331158,2,136545664,2.0,135788094,331158,284144,rs749324196,NC_000002.12:135788093:A:G,single nucleotide variant,3 prime UTR variant,Uncertain significance,"Jan 12, 2018","criteria provided, single submitter",,,,,,,
NM_002299.4(LCT):c.*193C>T,LCT,,Congenital lactase deficiency,VCV000894025,2,136545701,2.0,135788131,894025,881069,rs1189424123,NC_000002.12:135788130:G:A,single nucleotide variant,3 prime UTR variant,Uncertain significance,"Jan 13, 2018","criteria provided, single submitter",,,,,,,
NM_002299.4(LCT):c.*50G>C,LCT,,not provided|Congenital lactase deficiency|Lactose intolerance,VCV000331159,2,136545844,2.0,135788274,331159,281846,rs1042712,NC_000002.12:135788273:C:G,single nucleotide variant,3 prime UTR variant,Benign,"Nov 12, 2018","criteria provided, multiple submitters, no conflicts",,,,,,,
NM_002299.4(LCT):c.*10A>C,LCT,,Congenital lactase deficiency|Lactose intolerance,VCV000331160,2,136545884,2.0,135788314,331160,284362,rs200994158,NC_000002.12:135788313:T:G,single nucleotide variant,3 prime UTR variant,Uncertain significance,"Jun 14, 2016","criteria provided, single submitter",,,,,,,
NM_002299.4(LCT):c.5771T>C (p.Val1924Ala),LCT,V1924A,Congenital lactase deficiency|Lactose intolerance,VCV000331161,2,136545907,2.0,135788337,331161,284368,rs886054861,NC_000002.12:135788336:A:G,single nucleotide variant,missense variant,Uncertain significance,"Jan 13, 2018","criteria provided, single submitter",,,,,,,
NM_002299.4(LCT):c.5768C>A (p.Pro1923Gln),LCT,P1923Q,not provided|Congenital lactase deficiency|Lactose intolerance,VCV000331162,2,136545910,2.0,135788340,331162,282506,rs114828879,NC_000002.12:135788339:G:T,single nucleotide variant,missense variant,Benign/Likely benign,"Jan 29, 2025","criteria provided, multiple submitters, no conflicts",,,,,,,
NM_002299.4(LCT):c.5723G>A (p.Arg1908His),LCT,R1908H,Congenital lactase deficiency,VCV001032814,2,136545955,2.0,135788385,1032814,1019452,rs577825311,NC_000002.12:135788384:C:T,single nucleotide variant,missense variant,Uncertain significance,"Sep 24, 2018","criteria provided, single submitter",,,,,,,
NM_002299.4(LCT):c.5722C>T (p.Arg1908Cys),LCT,R1908C,Congenital lactase deficiency|not provided,VCV001025930,2,136545956,2.0,135788386,1025930,1003199,rs138964370,NC_000002.12:135788385:G:A,single nucleotide variant,missense variant,Conflicting classifications of pathogenicity,"Sep 20, 2024","criteria provided, conflicting classifications",,,,,,,
NM_002299.4(LCT):c.5656G>A (p.Val1886Ile),LCT,V1886I,Congenital lactase deficiency|Inborn genetic diseases|Lactose intolerance,VCV000331163,2,136546022,2.0,135788452,331163,284372,rs376732886,NC_000002.12:135788451:C:T,single nucleotide variant,missense variant,Uncertain significance,"Nov 18, 2022","criteria provided, multiple submitters, no conflicts",,,,,,,
NM_002299.4(LCT):c.5655C>T (p.Tyr1885=),LCT,,Congenital lactase deficiency|not provided,VCV000894422,2,136546023,2.0,135788453,894422,881070,rs1483785677,NC_000002.12:135788452:G:A,single nucleotide variant,synonymous variant,Conflicting classifications of pathogenicity,"Jan 13, 2025","criteria provided, conflicting classifications",,,,,,,
NM_002299.4(LCT):c.5568T>C (p.Ala1856=),LCT,,not provided|Congenital lactase deficiency|Lactose intolerance,VCV000331164,2,136546110,2.0,135788540,331164,284145,rs2278544,NC_000002.12:135788539:A:G,single nucleotide variant,synonymous variant,Benign,"Feb 3, 2025","criteria provided, multiple submitters, no conflicts",,,,,,,
NM_002299.4(LCT):c.5563+7T>C,LCT,,Congenital lactase deficiency,VCV000894423,2,136547134,2.0,135789564,894423,882797,rs2077518427,NC_000002.12:135789563:A:G,single nucleotide variant,intron variant,Uncertain significance,"Jan 12, 2018","criteria provided, single submitter",,,,,,,
NM_002299.4(LCT):c.5529C>T (p.Pro1843=),LCT,,not provided|Congenital lactase deficiency|Lactose intolerance,VCV000331165,2,136547175,2.0,135789605,331165,281847,rs761696901,NC_000002.12:135789604:G:A,single nucleotide variant,synonymous variant,Conflicting classifications of pathogenicity,"Oct 3, 2024","criteria provided, conflicting classifications",,,,,,,
NM_002299.4(LCT):c.5493C>T (p.Tyr1831=),LCT,,not provided|Congenital lactase deficiency|Lactose intolerance,VCV000331166,2,136547211,2.0,135789641,331166,284373,rs369410973,NC_000002.12:135789640:G:A,single nucleotide variant,synonymous variant,Conflicting classifications of pathogenicity,"Jan 15, 2025","criteria provided, conflicting classifications",,,,,,,
NM_002299.4(LCT):c.5391T>C (p.Asn1797=),LCT,,Congenital lactase deficiency|not provided,VCV000892984,2,136547313,2.0,135789743,892984,881071,rs145827881,NC_000002.12:135789742:A:G,single nucleotide variant,synonymous variant,Conflicting classifications of pathogenicity,"Aug 16, 2023","criteria provided, conflicting classifications",,,,,,,
NM_002299.4(LCT):c.5335+5G>A,LCT,,Congenital lactase deficiency,VCV000892985,2,136548223,2.0,135790653,892985,882798,rs747065034,NC_000002.12:135790652:C:T,single nucleotide variant,intron variant,Uncertain significance,"Jan 13, 2018","criteria provided, single submitter",,,,,,,
NM_002299.4(LCT):c.5111+23C>T,LCT,,Congenital lactase deficiency|not provided,VCV001252910,2,136552188,2.0,135794618,1252910,1242854,rs3213890,NC_000002.12:135794617:G:A,single nucleotide variant,intron variant,Benign,"Aug 19, 2021","criteria provided, multiple submitters, no conflicts",,,,,,,
NM_002299.4(LCT):c.4977-26T>C,LCT,,Congenital lactase deficiency|not provided,VCV001222140,2,136552371,2.0,135794801,1222140,1213702,rs3213891,NC_000002.12:135794800:A:G,single nucleotide variant,intron variant,Benign,"Aug 19, 2021","criteria provided, multiple submitters, no conflicts",,,,,,,
NM_002299.4(LCT):c.4950C>A (p.Ser1650Arg),LCT,S1650R,Congenital lactase deficiency,VCV000982557,2,136555625,2.0,135798055,982557,970489,rs1312031160,NC_000002.12:135798054:G:T,single nucleotide variant,missense variant,Likely pathogenic,"Sep 14, 2020","criteria provided, single submitter",,,,,,,
NM_002299.4(LCT):c.4922T>C (p.Val1641Ala),LCT,V1641A,not provided|Congenital lactase deficiency|Lactose intolerance,VCV000331167,2,136555653,2.0,135798083,331167,281851,rs557029000,NC_000002.12:135798082:A:G,single nucleotide variant,missense variant,Uncertain significance,"Nov 16, 2020","criteria provided, multiple submitters, no conflicts",,,,,,,
NM_002299.4(LCT):c.4916A>G (p.Asn1639Ser),LCT,N1639S,not provided|Congenital lactase deficiency|Lactose intolerance,VCV000331168,2,136555659,2.0,135798089,331168,282507,rs2322659,NC_000002.12:135798088:T:C,single nucleotide variant,missense variant,Benign,"Feb 3, 2025","criteria provided, multiple submitters, no conflicts",,,,,,,
NM_002299.4(LCT):c.4866+12C>T,LCT,,Congenital lactase deficiency|not provided,VCV000892986,2,136558165,2.0,135800595,892986,882799,rs191207394,NC_000002.12:135800594:G:A,single nucleotide variant,intron variant,Benign/Likely benign,"Feb 3, 2025","criteria provided, multiple submitters, no conflicts",,,,,,,
NM_002299.4(LCT):c.4866+2T>G,LCT,,not provided|Congenital lactase deficiency,VCV002584498,2,136558175,2.0,135800605,2584498,2752061,rs1276818330,NC_000002.12:135800604:A:C,single nucleotide variant,splice donor variant,Likely pathogenic,"Nov 29, 2024","criteria provided, multiple submitters, no conflicts",,,,,,,
NM_002299.4(LCT):c.4834G>T (p.Glu1612Ter),LCT,E1612*,Congenital lactase deficiency,VCV000056390,2,136558209,2.0,135800639,56390,71029,rs386833835,NC_000002.12:135800638:C:A,single nucleotide variant,nonsense,Likely pathogenic,,no assertion criteria provided,,,,,,,
NM_002299.4(LCT):c.4777G>A (p.Val1593Met),LCT,V1593M,not provided|Congenital lactase deficiency|Lactose intolerance,VCV000331169,2,136558266,2.0,135800696,331169,281852,rs35891837,NC_000002.12:135800695:C:T,single nucleotide variant,missense variant,Benign/Likely benign,"Jan 20, 2025","criteria provided, multiple submitters, no conflicts",,,,,,,
NM_002299.4(LCT):c.4776C>T (p.Gly1592=),LCT,,Congenital lactase deficiency|not provided,VCV000892987,2,136558267,2.0,135800697,892987,881072,rs183168007,NC_000002.12:135800696:G:A,single nucleotide variant,synonymous variant,Conflicting classifications of pathogenicity,"Nov 30, 2024","criteria provided, conflicting classifications",,,,,,,
NM_002299.4(LCT):c.4761C>T (p.Arg1587=),LCT,,Congenital lactase deficiency|not provided,VCV000893213,2,136558282,2.0,135800712,893213,881073,rs573401319,NC_000002.12:135800711:G:A,single nucleotide variant,synonymous variant,Conflicting classifications of pathogenicity,"Jun 24, 2024","criteria provided, conflicting classifications",,,,,,,
NM_002299.4(LCT):c.4714A>T (p.Ile1572Leu),LCT,I1572L,Congenital lactase deficiency|not provided,VCV000893214,2,136558329,2.0,135800759,893214,881074,rs757978538,NC_000002.12:135800758:T:A,single nucleotide variant,missense variant,Uncertain significance,"Sep 24, 2021","criteria provided, multiple submitters, no conflicts",,,,,,,
NM_002299.4(LCT):c.4695C>T (p.Tyr1565=),LCT,,not provided|Congenital lactase deficiency|Lactose intolerance,VCV000331170,2,136558348,2.0,135800778,331170,281858,rs886054862,NC_000002.12:135800777:G:A,single nucleotide variant,synonymous variant,Conflicting classifications of pathogenicity,"Feb 2, 2024","criteria provided, conflicting classifications",,,,,,,
NM_002299.4(LCT):c.4664-10A>G,LCT,,Congenital lactase deficiency|not provided,VCV000893215,2,136558389,2.0,135800819,893215,882800,rs1575334525,NC_000002.12:135800818:T:C,single nucleotide variant,intron variant,Conflicting classifications of pathogenicity,"Jul 22, 2022","criteria provided, conflicting classifications",,,,,,,
NM_002299.4(LCT):c.4646A>G (p.Tyr1549Cys),LCT,Y1549C,not provided|Inborn genetic diseases|Congenital lactase deficiency|Lactose intolerance,VCV000331171,2,136561517,2.0,135803947,331171,284150,rs147495948,NC_000002.12:135803946:T:C,single nucleotide variant,missense variant,Uncertain significance,"Jan 31, 2023","criteria provided, multiple submitters, no conflicts",,,,,,,
NM_002299.4(LCT):c.4606C>T (p.Leu1536=),LCT,,not provided|Congenital lactase deficiency|Lactose intolerance,VCV000331172,2,136561557,2.0,135803987,331172,281859,rs2304371,NC_000002.12:135803986:G:A,single nucleotide variant,synonymous variant,Benign,"Feb 3, 2025","criteria provided, multiple submitters, no conflicts",,,,,,,
NM_002299.4(LCT):c.4576C>T (p.Leu1526=),LCT,,not provided|Congenital lactase deficiency|Lactose intolerance,VCV000331173,2,136561587,2.0,135804017,331173,282508,rs140074771,NC_000002.12:135804016:G:A,single nucleotide variant,synonymous variant,Conflicting classifications of pathogenicity,"Jan 25, 2025","criteria provided, conflicting classifications",,,,,,,
NM_002299.4(LCT):c.4465-37C>T,LCT,,not provided|Congenital lactase deficiency,VCV001175392,2,136561735,2.0,135804165,1175392,1164875,rs2304370,NC_000002.12:135804164:G:A,single nucleotide variant,intron variant,Benign,"Aug 19, 2021","criteria provided, multiple submitters, no conflicts",,,,,,,
NM_002299.4(LCT):c.4447G>T (p.Ala1483Ser),LCT,A1483S,Congenital lactase deficiency|not provided,VCV000894060,2,136562354,2.0,135804784,894060,881075,rs139591272,NC_000002.12:135804783:C:A,single nucleotide variant,missense variant,Conflicting classifications of pathogenicity,"Dec 29, 2024","criteria provided, conflicting classifications",,,,,,,
NM_002299.4(LCT):c.4434T>C (p.Asp1478=),LCT,,not provided|Congenital lactase deficiency|Lactose intolerance,VCV000331174,2,136562367,2.0,135804797,331174,282509,rs778761405,NC_000002.12:135804796:A:G,single nucleotide variant,synonymous variant,Conflicting classifications of pathogenicity,"Apr 9, 2023","criteria provided, conflicting classifications",,,,,,,
NM_002299.4(LCT):c.4419C>G (p.Tyr1473Ter),LCT,Y1473*,Congenital lactase deficiency,VCV000056389,2,136562382,2.0,135804812,56389,71028,rs386833834,NC_000002.12:135804811:G:C,single nucleotide variant,nonsense,Likely pathogenic,,no assertion criteria provided,,,,,,,
NM_002299.4(LCT):c.4404G>A (p.Ala1468=),LCT,,Congenital lactase deficiency|not provided,VCV000894061,2,136562397,2.0,135804827,894061,881076,rs151321629,NC_000002.12:135804826:C:T,single nucleotide variant,synonymous variant,Conflicting classifications of pathogenicity,"Aug 24, 2023","criteria provided, conflicting classifications",,,,,,,
NM_002299.4(LCT):c.4363C>T (p.Arg1455Cys),LCT,R1455C,Congenital lactase deficiency,VCV000982558,2,136562438,2.0,135804868,982558,970490,rs763006562,NC_000002.12:135804867:G:A,single nucleotide variant,missense variant,Likely pathogenic,"Sep 14, 2020","criteria provided, single submitter",,,,,,,
NM_002299.4(LCT):c.4362T>G (p.Ser1454=),LCT,,Congenital lactase deficiency|not provided,VCV000894062,2,136562439,2.0,135804869,894062,881077,rs776712928,NC_000002.12:135804868:A:C,single nucleotide variant,synonymous variant,Conflicting classifications of pathogenicity,"Jan 23, 2025","criteria provided, conflicting classifications",,,,,,,
NM_002299.4(LCT):c.4347T>C (p.Phe1449=),LCT,,Lactose intolerance|not provided|Congenital lactase deficiency,VCV000331175,2,136562454,2.0,135804884,331175,281860,rs17699796,NC_000002.12:135804883:A:G,single nucleotide variant,synonymous variant,Conflicting classifications of pathogenicity,"Jan 30, 2025","criteria provided, conflicting classifications",,,,,,,
NM_002299.4(LCT):c.4329C>T (p.Gly1443=),LCT,,not provided|Congenital lactase deficiency|Lactose intolerance,VCV000331176,2,136562472,2.0,135804902,331176,284151,rs3739022,NC_000002.12:135804901:G:A,single nucleotide variant,synonymous variant,Benign,"Feb 3, 2025","criteria provided, multiple submitters, no conflicts",,,,,,,
NM_002299.4(LCT):c.4239A>G (p.Pro1413=),LCT,,Congenital lactase deficiency|Lactose intolerance,VCV000331177,2,136562562,2.0,135804992,331177,284374,rs752925060,NC_000002.12:135804991:T:C,single nucleotide variant,synonymous variant,Uncertain significance,"Jan 12, 2018","criteria provided, single submitter",,,,,,,
NM_002299.4(LCT):c.4224G>A (p.Thr1408=),LCT,,Congenital lactase deficiency|not provided,VCV000894063,2,136562577,2.0,135805007,894063,881078,rs199901583,NC_000002.12:135805006:C:T,single nucleotide variant,synonymous variant,Conflicting classifications of pathogenicity,"Sep 16, 2024","criteria provided, conflicting classifications",,,,,,,
NM_002299.4(LCT):c.4173+5G>A,LCT,,Congenital lactase deficiency|not provided,VCV000894461,2,136564693,2.0,135807123,894461,882801,rs575414951,NC_000002.12:135807122:C:T,single nucleotide variant,intron variant,Uncertain significance,"Jul 15, 2022","criteria provided, multiple submitters, no conflicts",,,,,,,
NM_002299.4(LCT):c.4122C>T (p.Tyr1374=),LCT,,not provided|Congenital lactase deficiency|Lactose intolerance,VCV000331179,2,136564749,2.0,135807179,331179,284152,rs557321611,NC_000002.12:135807178:G:A,single nucleotide variant,synonymous variant,Conflicting classifications of pathogenicity,"Oct 29, 2024","criteria provided, conflicting classifications",,,,,,,
NM_002299.4(LCT):c.4087G>A (p.Gly1363Ser),LCT,G1363S,Congenital lactase deficiency,VCV000056388,2,136564784,2.0,135807214,56388,71027,rs386833833,NC_000002.12:135807213:C:T,single nucleotide variant,missense variant,Likely pathogenic,,no assertion criteria provided,,,,,,,
NM_002299.4(LCT):c.4026G>A (p.Thr1342=),LCT,,not provided|Congenital lactase deficiency|Lactose intolerance,VCV000331180,2,136564845,2.0,135807275,331180,284154,rs150640616,NC_000002.12:135807274:C:T,single nucleotide variant,synonymous variant,Conflicting classifications of pathogenicity,"Jan 20, 2025","criteria provided, conflicting classifications",,,,,,,
NM_002299.4(LCT):c.3986C>T (p.Thr1329Met),LCT,T1329M,not provided|Congenital lactase deficiency|Lactose intolerance,VCV000331181,2,136564885,2.0,135807315,331181,284375,rs555708380,NC_000002.12:135807314:G:A,single nucleotide variant,missense variant,Uncertain significance,"Aug 15, 2022","criteria provided, multiple submitters, no conflicts",,,,,,,
NM_002299.4(LCT):c.3947G>C (p.Trp1316Ser),LCT,W1316S,Congenital lactase deficiency|not provided,VCV001480641,2,136564924,2.0,135807354,1480641,1428854,rs199709300,NC_000002.12:135807353:C:G,single nucleotide variant,missense variant,Conflicting classifications of pathogenicity,"Sep 20, 2024","criteria provided, conflicting classifications",,,,,,,
NM_002299.4(LCT):c.3848C>T (p.Thr1283Met),LCT,T1283M,not provided|Congenital lactase deficiency|Lactose intolerance,VCV000331182,2,136566069,2.0,135808499,331182,282510,rs147755711,NC_000002.12:135808498:G:A,single nucleotide variant,missense variant,Conflicting classifications of pathogenicity,"Nov 27, 2024","criteria provided, conflicting classifications",,,,,,,
NM_002299.4(LCT):c.3804C>A (p.Pro1268=),LCT,,not provided|Congenital lactase deficiency,VCV000894462,2,136566113,2.0,135808543,894462,881079,rs748206266,NC_000002.12:135808542:G:T,single nucleotide variant,synonymous variant,Conflicting classifications of pathogenicity,"Dec 6, 2023","criteria provided, conflicting classifications",,,,,,,
NM_002299.4(LCT):c.3759G>A (p.Thr1253=),LCT,,not provided|Congenital lactase deficiency|Lactose intolerance,VCV000331183,2,136566158,2.0,135808588,331183,284157,rs764860323,NC_000002.12:135808587:C:T,single nucleotide variant,synonymous variant,Conflicting classifications of pathogenicity,"Sep 9, 2024","criteria provided, conflicting classifications",,,,,,,
NM_002299.4(LCT):c.3666C>A (p.Asn1222Lys),LCT,N1222K,Congenital lactase deficiency,VCV000894463,2,136566251,2.0,135808681,894463,881080,rs2077699049,NC_000002.12:135808680:G:T,single nucleotide variant,missense variant,Uncertain significance,"Jan 13, 2018","criteria provided, single submitter",,,,,,,
NM_002299.4(LCT):c.3655C>G (p.Pro1219Ala),LCT,P1219A,Congenital lactase deficiency,VCV000893033,2,136566262,2.0,135808692,893033,881081,rs138785223,NC_000002.12:135808691:G:C,single nucleotide variant,missense variant,Uncertain significance,"Jan 12, 2018","criteria provided, single submitter",,,,,,,
NM_002299.4(LCT):c.3599C>T (p.Thr1200Met),LCT,T1200M,Congenital lactase deficiency|Lactose intolerance,VCV000331184,2,136566318,2.0,135808748,331184,284158,rs148317168,NC_000002.12:135808747:G:A,single nucleotide variant,missense variant,Uncertain significance,"Jan 13, 2018","criteria provided, single submitter",,,,,,,
NM_002299.4(LCT):c.3597G>A (p.Ala1199=),LCT,,Congenital lactase deficiency|not provided,VCV000720552,2,136566320,2.0,135808750,720552,719256,rs79326512,NC_000002.12:135808749:C:T,single nucleotide variant,synonymous variant,Benign/Likely benign,"Feb 1, 2025","criteria provided, multiple submitters, no conflicts",,,,,,,
NM_002299.4(LCT):c.3595G>A (p.Ala1199Thr),LCT,A1199T,Congenital lactase deficiency|Lactose intolerance,VCV000331185,2,136566322,2.0,135808752,331185,284376,rs886054863,NC_000002.12:135808751:C:T,single nucleotide variant,missense variant,Uncertain significance,"Jan 13, 2018","criteria provided, single submitter",,,,,,,
NM_002299.4(LCT):c.3535C>T (p.Gln1179Ter),LCT,Q1179*,not provided|Congenital lactase deficiency,VCV001379572,2,136566382,2.0,135808812,1379572,1482951,rs749118441,NC_000002.12:135808811:G:A,single nucleotide variant,nonsense,Pathogenic,"Dec 20, 2021","criteria provided, multiple submitters, no conflicts",,,,,,,
NM_002299.4(LCT):c.3532C>T (p.Leu1178=),LCT,,not provided|Congenital lactase deficiency|Lactose intolerance,VCV000331186,2,136566385,2.0,135808815,331186,284379,rs886054864,NC_000002.12:135808814:G:A,single nucleotide variant,synonymous variant,Conflicting classifications of pathogenicity,"Mar 1, 2024","criteria provided, conflicting classifications",,,,,,,
NM_002299.4(LCT):c.3483C>T (p.Asn1161=),LCT,,Congenital lactase deficiency|not provided,VCV000893034,2,136566434,2.0,135808864,893034,881082,rs143927262,NC_000002.12:135808863:G:A,single nucleotide variant,synonymous variant,Conflicting classifications of pathogenicity,"Jan 13, 2023","criteria provided, conflicting classifications",,,,,,,
NM_002299.4(LCT):c.3450C>T (p.Ser1150=),LCT,,Congenital lactase deficiency|not provided,VCV000893035,2,136566467,2.0,135808897,893035,881083,rs777067647,NC_000002.12:135808896:G:A,single nucleotide variant,synonymous variant,Conflicting classifications of pathogenicity,"Nov 19, 2024","criteria provided, conflicting classifications",,,,,,,
NM_002299.4(LCT):c.3390G>A (p.Glu1130=),LCT,,Congenital lactase deficiency|Lactose intolerance,VCV000331187,2,136566527,2.0,135808957,331187,284380,rs886054865,NC_000002.12:135808956:C:T,single nucleotide variant,synonymous variant,Uncertain significance,"Jan 13, 2018","criteria provided, single submitter",,,,,,,
NM_002299.4(LCT):c.3341A>G (p.Gln1114Arg),LCT,Q1114R,not provided|Congenital lactase deficiency|Inborn genetic diseases|Lactose intolerance,VCV000331188,2,136566576,2.0,135809006,331188,284161,rs148838160,NC_000002.12:135809005:T:C,single nucleotide variant,missense variant,Conflicting classifications of pathogenicity,"Jan 6, 2025","criteria provided, conflicting classifications",,,,,,,
NM_002299.4(LCT):c.3286G>A (p.Ala1096Thr),LCT,A1096T,not provided|Inborn genetic diseases|Congenital lactase deficiency|Lactose intolerance,VCV000331189,2,136566631,2.0,135809061,331189,281867,rs146467199,NC_000002.12:135809060:C:T,single nucleotide variant,missense variant,Uncertain significance,"Aug 21, 2024","criteria provided, multiple submitters, no conflicts",,,,,,,
NM_002299.4(LCT):c.3285C>T (p.His1095=),LCT,,not provided|Congenital lactase deficiency|Lactose intolerance,VCV000331190,2,136566632,2.0,135809062,331190,281872,rs372534937,NC_000002.12:135809061:G:A,single nucleotide variant,synonymous variant,Conflicting classifications of pathogenicity,"Jan 29, 2025","criteria provided, conflicting classifications",,,,,,,
NM_002299.4(LCT):c.3006G>A (p.Arg1002=),LCT,,not provided|Congenital lactase deficiency|Lactose intolerance,VCV000331191,2,136566911,2.0,135809341,331191,281877,rs114815229,NC_000002.12:135809340:C:T,single nucleotide variant,synonymous variant,Conflicting classifications of pathogenicity,"Jan 29, 2025","criteria provided, conflicting classifications",,,,,,,
NM_002299.4(LCT):c.2983C>T (p.His995Tyr),LCT,H995Y,Congenital lactase deficiency,VCV000893249,2,136566934,2.0,135809364,893249,881084,rs1261476069,NC_000002.12:135809363:G:A,single nucleotide variant,missense variant,Uncertain significance,"Jan 13, 2018","criteria provided, single submitter",,,,,,,
NM_002299.4(LCT):c.2969G>T (p.Ser990Ile),LCT,S990I,Congenital lactase deficiency,VCV000893250,2,136566948,2.0,135809378,893250,881085,rs201881537,NC_000002.12:135809377:C:A,single nucleotide variant,missense variant,Uncertain significance,"Jan 13, 2018","criteria provided, single submitter",,,,,,,
NM_002299.4(LCT):c.2898C>A (p.Leu966=),LCT,,Congenital lactase deficiency|not provided,VCV000893251,2,136567019,2.0,135809449,893251,881086,rs143975097,NC_000002.12:135809448:G:T,single nucleotide variant,synonymous variant,Conflicting classifications of pathogenicity,"Sep 16, 2024","criteria provided, conflicting classifications",,,,,,,
NM_002299.4(LCT):c.2883C>T (p.Ala961=),LCT,,not provided|Congenital lactase deficiency|Lactose intolerance|not specified,VCV000331192,2,136567034,2.0,135809464,331192,281878,rs140994860,NC_000002.12:135809463:G:A,single nucleotide variant,synonymous variant,Conflicting classifications of pathogenicity,"Feb 16, 2025","criteria provided, conflicting classifications",,,,,,,
NM_002299.4(LCT):c.2819G>A (p.Gly940Glu),LCT,G940E,Congenital lactase deficiency,VCV000894102,2,136567098,2.0,135809528,894102,881087,rs2077714482,NC_000002.12:135809527:C:T,single nucleotide variant,missense variant,Uncertain significance,"Jan 13, 2018","criteria provided, single submitter",,,,,,,
NM_002299.4(LCT):c.2763G>A (p.Ala921=),LCT,,not provided|Congenital lactase deficiency|Lactose intolerance,VCV000331193,2,136567154,2.0,135809584,331193,281882,rs116951780,NC_000002.12:135809583:C:T,single nucleotide variant,synonymous variant,Conflicting classifications of pathogenicity,"Feb 2, 2025","criteria provided, conflicting classifications",,,,,,,
NM_002299.4(LCT):c.2760C>T (p.Gly920=),LCT,,not provided|Congenital lactase deficiency|Lactose intolerance,VCV000331194,2,136567157,2.0,135809587,331194,284384,rs200579267,NC_000002.12:135809586:G:A,single nucleotide variant,synonymous variant,Conflicting classifications of pathogenicity,"Jan 14, 2025","criteria provided, conflicting classifications",,,,,,,
NM_002299.4(LCT):c.2718C>T (p.Asp906=),LCT,,Congenital lactase deficiency,VCV000894103,2,136567199,2.0,135809629,894103,881088,rs1454730571,NC_000002.12:135809628:G:A,single nucleotide variant,synonymous variant,Uncertain significance,"Jan 12, 2018","criteria provided, single submitter",,,,,,,
NM_002299.4(LCT):c.2714A>G (p.Asp905Gly),LCT,D905G,not provided|Congenital lactase deficiency|Lactose intolerance,VCV000331195,2,136567203,2.0,135809633,331195,282512,rs115690016,NC_000002.12:135809632:T:C,single nucleotide variant,missense variant,Benign/Likely benign,"Jan 28, 2025","criteria provided, multiple submitters, no conflicts",,,,,,,
NM_002299.4(LCT):c.2618C>T (p.Pro873Leu),LCT,P873L,Congenital lactase deficiency,VCV000894104,2,136567299,2.0,135809729,894104,881089,rs367727872,NC_000002.12:135809728:G:A,single nucleotide variant,missense variant,Uncertain significance,"Jan 13, 2018","criteria provided, single submitter",,,,,,,
NM_002299.4(LCT):c.2457C>T (p.His819=),LCT,,not provided|Congenital lactase deficiency|Lactose intolerance,VCV000331196,2,136567460,2.0,135809890,331196,284388,rs149425549,NC_000002.12:135809889:G:A,single nucleotide variant,synonymous variant,Conflicting classifications of pathogenicity,"Jan 20, 2025","criteria provided, conflicting classifications",,,,,,,
NM_002299.4(LCT):c.2349C>T (p.Leu783=),LCT,,Congenital lactase deficiency,VCV000894105,2,136569885,2.0,135812315,894105,881090,rs2077740890,NC_000002.12:135812314:G:A,single nucleotide variant,synonymous variant,Uncertain significance,"Jan 12, 2018","criteria provided, single submitter",,,,,,,
NM_002299.4(LCT):c.2310A>C (p.Leu770Phe),LCT,L770F,not provided|Congenital lactase deficiency|Inborn genetic diseases,VCV000894496,2,136569924,2.0,135812354,894496,881091,rs148593528,NC_000002.12:135812353:T:G,single nucleotide variant,missense variant,Uncertain significance,"Dec 19, 2023","criteria provided, multiple submitters, no conflicts",,,,,,,
NM_002299.4(LCT):c.2293C>A (p.Leu765Ile),LCT,L765I,Congenital lactase deficiency|not provided,VCV000894497,2,136569941,2.0,135812371,894497,881092,rs374623829,NC_000002.12:135812370:G:T,single nucleotide variant,missense variant,Uncertain significance,"Jan 9, 2024","criteria provided, multiple submitters, no conflicts",,,,,,,
NM_002299.4(LCT):c.2177G>A (p.Arg726His),LCT,R726H,Congenital lactase deficiency|Lactose intolerance,VCV000331197,2,136570057,2.0,135812487,331197,282513,rs886054866,NC_000002.12:135812486:C:T,single nucleotide variant,missense variant,Uncertain significance,"Jun 14, 2016","criteria provided, single submitter",,,,,,,
NM_002299.4(LCT):c.1931C>T (p.Thr644Ile),LCT,T644I,Congenital lactase deficiency|not provided,VCV000894498,2,136570303,2.0,135812733,894498,881093,rs546741050,NC_000002.12:135812732:G:A,single nucleotide variant,missense variant,Uncertain significance,"Apr 23, 2022","criteria provided, multiple submitters, no conflicts",,,,,,,
NM_002299.4(LCT):c.1902C>T (p.Pro634=),LCT,,not provided|Congenital lactase deficiency|Lactose intolerance,VCV000331198,2,136570332,2.0,135812762,331198,282514,rs202014246,NC_000002.12:135812761:G:A,single nucleotide variant,synonymous variant,Conflicting classifications of pathogenicity,"Apr 15, 2024","criteria provided, conflicting classifications",,,,,,,
NM_002299.4(LCT):c.1780C>G (p.Gln594Glu),LCT,Q594E,Inborn genetic diseases|Congenital lactase deficiency|Lactose intolerance,VCV000331199,2,136570454,2.0,135812884,331199,284162,rs886054867,NC_000002.12:135812883:G:C,single nucleotide variant,missense variant,Uncertain significance,"Mar 7, 2025","criteria provided, multiple submitters, no conflicts",,,,,,,
NM_002299.4(LCT):c.1650C>G (p.Gly550=),LCT|LOC126806353,,not provided|Congenital lactase deficiency|Lactose intolerance,VCV000331200,2,136574968,2.0,135817398,331200,284165,rs35093754,NC_000002.12:135817397:G:C,single nucleotide variant,synonymous variant,Benign/Likely benign,"Feb 2, 2025","criteria provided, multiple submitters, no conflicts",,,,,,,
NM_002299.4(LCT):c.1617C>T (p.Thr539=),LCT|LOC126806353,,Congenital lactase deficiency|not provided,VCV000894499,2,136575001,2.0,135817431,894499,881094,rs35476200,NC_000002.12:135817430:G:A,single nucleotide variant,synonymous variant,Benign/Likely benign,"Jan 24, 2025","criteria provided, multiple submitters, no conflicts",,,,,,,
NM_002299.4(LCT):c.1539G>A (p.Glu513=),LOC126806353|LCT,,not provided|Congenital lactase deficiency,VCV000893076,2,136575079,2.0,135817509,893076,881095,rs202186209,NC_000002.12:135817508:C:T,single nucleotide variant,synonymous variant,Conflicting classifications of pathogenicity,"Jan 24, 2025","criteria provided, conflicting classifications",,,,,,,
NM_002299.4(LCT):c.1461G>A (p.Ala487=),LCT|LOC126806353,,not provided|Congenital lactase deficiency|Lactose intolerance,VCV000331201,2,136575157,2.0,135817587,331201,281883,rs146206234,NC_000002.12:135817586:C:T,single nucleotide variant,synonymous variant,Conflicting classifications of pathogenicity,"Jan 11, 2025","criteria provided, conflicting classifications",,,,,,,
NM_002299.4(LCT):c.1419C>A (p.Gly473=),LCT|LOC126806353,,not provided|Congenital lactase deficiency|Lactose intolerance,VCV000331202,2,136575199,2.0,135817629,331202,284166,rs6719488,NC_000002.12:135817628:G:T,single nucleotide variant,synonymous variant,Benign,"Feb 3, 2025","criteria provided, multiple submitters, no conflicts",,,,,,,
NM_002299.4(LCT):c.1396G>T (p.Gly466Trp),LCT|LOC126806353,G466W,not provided|Congenital lactase deficiency|Lactose intolerance,VCV000331203,2,136575222,2.0,135817652,331203,284389,rs377102890,NC_000002.12:135817651:C:A,single nucleotide variant,missense variant,Uncertain significance,"Dec 17, 2021","criteria provided, multiple submitters, no conflicts",,,,,,,
NM_002299.4(LCT):c.1318G>A (p.Val440Ile),LCT|LOC126806353,V440I,Congenital lactase deficiency|not provided,VCV000708529,2,136575300,2.0,135817730,708529,719257,rs35940156,NC_000002.12:135817729:C:T,single nucleotide variant,missense variant,Benign,"Jan 31, 2025","criteria provided, multiple submitters, no conflicts",,,,,,,
NM_002299.4(LCT):c.1116G>A (p.Ala372=),LCT|LOC126806353,,Congenital lactase deficiency|not provided,VCV000893077,2,136575502,2.0,135817932,893077,881096,rs200277615,NC_000002.12:135817931:C:T,single nucleotide variant,synonymous variant,Conflicting classifications of pathogenicity,"Nov 27, 2024","criteria provided, conflicting classifications",,,,,,,
NM_002299.4(LCT):c.1113G>A (p.Arg371=),LCT|LOC126806353,,Congenital lactase deficiency|not provided,VCV000729578,2,136575505,2.0,135817935,729578,732769,rs148142216,NC_000002.12:135817934:C:T,single nucleotide variant,synonymous variant,Conflicting classifications of pathogenicity,"Jan 29, 2025","criteria provided, conflicting classifications",,,,,,,
NM_002299.4(LCT):c.1084A>G (p.Ile362Val),LOC126806353|LCT,I362V,not provided|Congenital lactase deficiency|Lactose intolerance,VCV000331204,2,136575534,2.0,135817964,331204,282521,rs4954449,NC_000002.12:135817963:T:C,single nucleotide variant,missense variant,Benign,"Feb 3, 2025","criteria provided, multiple submitters, no conflicts",,,,,,,
NM_002299.4(LCT):c.1045G>A (p.Glu349Lys),LCT|LOC126806353,E349K,not provided|Congenital lactase deficiency|Lactose intolerance,VCV000331205,2,136575573,2.0,135818003,331205,282524,rs886054868,NC_000002.12:135818002:C:T,single nucleotide variant,missense variant,Uncertain significance,"Apr 9, 2022","criteria provided, multiple submitters, no conflicts",,,,,,,
NM_002299.4(LCT):c.1004C>G (p.Thr335Ser),LCT|LOC126806353,T335S,Congenital lactase deficiency|Inborn genetic diseases,VCV000893283,2,136575614,2.0,135818044,893283,881097,rs1428765941,NC_000002.12:135818043:G:C,single nucleotide variant,missense variant,Uncertain significance,"Aug 30, 2021","criteria provided, multiple submitters, no conflicts",,,,,,,
NM_002299.4(LCT):c.840C>T (p.Asn280=),LCT,,Congenital lactase deficiency|not provided,VCV000893284,2,136581538,2.0,135823968,893284,881098,rs150722551,NC_000002.12:135823967:G:A,single nucleotide variant,synonymous variant,Conflicting classifications of pathogenicity,"Jan 1, 2025","criteria provided, conflicting classifications",,,,,,,
NM_002299.4(LCT):c.804G>C (p.Gln268His),LCT,Q268H,Congenital lactase deficiency,VCV000006588,2,136587163,2.0,135829593,6588,21627,rs121908937,NC_000002.12:135829592:C:G,single nucleotide variant,missense variant,Pathogenic,"Feb 1, 2006",no assertion criteria provided,,,,,,,
NM_002299.4(LCT):c.729C>G (p.Val243=),LCT,,not provided|Congenital lactase deficiency|Lactose intolerance,VCV000331206,2,136587238,2.0,135829668,331206,284428,rs3816088,NC_000002.12:135829667:G:C,single nucleotide variant,synonymous variant,Benign/Likely benign,"Feb 2, 2025","criteria provided, multiple submitters, no conflicts",,,,,,,
NM_002299.4(LCT):c.725C>T (p.Thr242Met),LCT,T242M,Congenital lactase deficiency|not provided,VCV000893285,2,136587242,2.0,135829672,893285,881099,rs757179373,NC_000002.12:135829671:G:A,single nucleotide variant,missense variant,Uncertain significance,"Oct 22, 2024","criteria provided, multiple submitters, no conflicts",,,,,,,
NM_002299.4(LCT):c.677T>C (p.Ile226Thr),LCT,I226T,Congenital lactase deficiency|not specified|not provided,VCV000893286,2,136590724,2.0,135833154,893286,881100,rs747805112,NC_000002.12:135833153:A:G,single nucleotide variant,missense variant,Uncertain significance,"Jul 31, 2022","criteria provided, multiple submitters, no conflicts",,,,,,,
NM_002299.4(LCT):c.655G>A (p.Val219Ile),LCT,V219I,not provided|Congenital lactase deficiency|Lactose intolerance,VCV000331207,2,136590746,2.0,135833176,331207,281884,rs3754689,NC_000002.12:135833175:C:T,single nucleotide variant,missense variant,Benign,"Feb 3, 2025","criteria provided, multiple submitters, no conflicts",,,,,,,
NM_002299.4(LCT):c.643G>A (p.Gly215Arg),LCT,G215R,not provided|Congenital lactase deficiency|Inborn genetic diseases|Lactose intolerance,VCV000331208,2,136590758,2.0,135833188,331208,281888,rs886054869,NC_000002.12:135833187:C:T,single nucleotide variant,missense variant,Uncertain significance,"Nov 19, 2024","criteria provided, multiple submitters, no conflicts",,,,,,,
NM_002299.4(LCT):c.621C>T (p.His207=),LCT,,Congenital lactase deficiency|Lactose intolerance,VCV000331209,2,136594119,2.0,135836549,331209,282525,rs369174474,NC_000002.12:135836548:G:A,single nucleotide variant,synonymous variant,Uncertain significance,"Jun 14, 2016","criteria provided, single submitter",,,,,,,
NM_002299.4(LCT):c.582C>T (p.Thr194=),LCT,,not provided|Congenital lactase deficiency|Lactose intolerance,VCV000331210,2,136594158,2.0,135836588,331210,281889,rs2236783,NC_000002.12:135836587:G:A,single nucleotide variant,synonymous variant,Benign,"Feb 3, 2025","criteria provided, multiple submitters, no conflicts",,,,,,,
NM_002299.4(LCT):c.454G>A (p.Ala152Thr),LCT,A152T,not provided|Congenital lactase deficiency|Lactose intolerance,VCV000331211,2,136594286,2.0,135836716,331211,284168,rs114525655,NC_000002.12:135836715:C:T,single nucleotide variant,missense variant,Benign/Likely benign,"Jan 30, 2025","criteria provided, multiple submitters, no conflicts",,,,,,,
NM_002299.4(LCT):c.319G>A (p.Glu107Lys),LCT,E107K,not provided|Congenital lactase deficiency|Lactose intolerance,VCV000331212,2,136594421,2.0,135836851,331212,284181,rs761296720,NC_000002.12:135836850:C:T,single nucleotide variant,missense variant,Uncertain significance,"Jun 25, 2022","criteria provided, multiple submitters, no conflicts",,,,,,,
NM_002299.4(LCT):c.318C>T (p.Asp106=),LCT,,Congenital lactase deficiency|Lactose intolerance|not provided|Inborn genetic diseases,VCV000331213,2,136594422,2.0,135836852,331213,284187,rs34307240,NC_000002.12:135836851:G:A,single nucleotide variant,synonymous variant,Benign/Likely benign,"Mar 3, 2025","criteria provided, multiple submitters, no conflicts",,,,,,,
NM_002299.4(LCT):c.301A>G (p.Ser101Gly),LCT,S101G,not provided|Congenital lactase deficiency,VCV000708530,2,136594439,2.0,135836869,708530,719258,rs35837297,NC_000002.12:135836868:T:C,single nucleotide variant,missense variant,Benign,"Jan 31, 2025","criteria provided, multiple submitters, no conflicts",,,,,,,
NM_002299.4(LCT):c.280G>A (p.Ala94Thr),LCT,A94T,Congenital lactase deficiency|not provided,VCV000894134,2,136594460,2.0,135836890,894134,881101,rs139740186,NC_000002.12:135836889:C:T,single nucleotide variant,missense variant,Uncertain significance,"Jun 20, 2024","criteria provided, multiple submitters, no conflicts",,,,,,,
NM_002299.4(LCT):c.122A>C (p.His41Pro),LCT,H41P,Congenital lactase deficiency,VCV000894534,2,136594618,2.0,135837048,894534,881102,rs757541640,NC_000002.12:135837047:T:G,single nucleotide variant,missense variant,Uncertain significance,"Jan 12, 2018","criteria provided, single submitter",,,,,,,
NM_002299.4(LCT):c.89C>T (p.Ser30Phe),LCT,S30F,Congenital lactase deficiency|not provided|Inborn genetic diseases,VCV000894535,2,136594651,2.0,135837081,894535,881103,rs368308800,NC_000002.12:135837080:G:A,single nucleotide variant,missense variant,Uncertain significance,"Nov 5, 2024","criteria provided, multiple submitters, no conflicts",,,,,,,
NM_002299.4(LCT):c.54G>C (p.Trp18Cys),LCT,W18C,not provided|Congenital lactase deficiency|Lactose intolerance,VCV000331214,2,136594686,2.0,135837116,331214,284435,rs886054870,NC_000002.12:135837115:C:G,single nucleotide variant,missense variant,Uncertain significance,"Apr 6, 2022","criteria provided, multiple submitters, no conflicts",,,,,,,
NM_002299.4(LCT):c.30T>C (p.Ile10=),LCT,,Congenital lactase deficiency|not provided,VCV000894536,2,136594710,2.0,135837140,894536,881104,rs150024239,NC_000002.12:135837139:A:G,single nucleotide variant,synonymous variant,Conflicting classifications of pathogenicity,"Jan 21, 2025","criteria provided, conflicting classifications",,,,,,,
NM_002299.4(LCT):c.21A>G (p.Val7=),LCT,,Congenital lactase deficiency|not provided,VCV000894537,2,136594719,2.0,135837149,894537,881105,rs377228457,NC_000002.12:135837148:T:C,single nucleotide variant,synonymous variant,Conflicting classifications of pathogenicity,"Nov 21, 2024","criteria provided, conflicting classifications",,,,,,,
NM_005915.6(MCM6):c.1917+329C>G,MCM6,,LACTASE PERSISTENCE,VCV000007689,2,136608643,2.0,135851073,7689,22728,rs41525747,NC_000002.12:135851072:G:C,single nucleotide variant,intron variant,association,"Nov 20, 2018",no assertion criteria provided,,,,,,,
NM_002299.2(LCT):c.-13907C>T,MCM6,,LACTASE PERSISTENCE,VCV000007685,2,136608646,2.0,135851076,7685,22724,rs4988235,NC_000002.12:135851075:G:A,single nucleotide variant,intron variant,association,"Jan 26, 2021",no assertion criteria provided,,,,,,,
NM_005915.6(MCM6):c.1917+323T>C,MCM6,,LACTASE PERSISTENCE,VCV001704643,2,136608649,2.0,135851079,1704643,1699175,rs41456145,NC_000002.12:135851078:A:G,single nucleotide variant,intron variant,Uncertain significance,,no assertion criteria provided,,,,,,,
NM_005915.6(MCM6):c.1917+321T>G,MCM6,,LACTASE PERSISTENCE,VCV000007688,2,136608651,2.0,135851081,7688,22727,rs41380347,NC_000002.12:135851080:A:C,single nucleotide variant,intron variant,association,"Nov 20, 2018",no assertion criteria provided,,,,,,,
NM_005915.6(MCM6):c.1917+226G>C,MCM6,,LACTASE PERSISTENCE,VCV000007687,2,136608746,2.0,135851176,7687,22726,rs145946881,NC_000002.12:135851175:C:G,single nucleotide variant,intron variant,association,"Jun 16, 2015",no assertion criteria provided,,,,,,,
NM_005915.6(MCM6):c.1855C>T (p.Arg619Ter),MCM6,R619*,Nonpersistence of intestinal lactase,VCV002433677,2,136609034,2.0,135851464,2433677,2413309,rs945901290,NC_000002.12:135851463:G:A,single nucleotide variant,nonsense,Uncertain significance,"Feb 8, 2021","criteria provided, single submitter",,,,,,,
NM_005915.6(MCM6):c.1798C>T (p.His600Tyr),MCM6,H600Y,Nonpersistence of intestinal lactase,VCV002433676,2,136609091,2.0,135851521,2433676,2413308,rs756704164,NC_000002.12:135851520:G:A,single nucleotide variant,missense variant,Uncertain significance,"Jan 11, 2024","criteria provided, single submitter",,,,,,,
NM_005915.6(MCM6):c.1654A>G (p.Ile552Val),MCM6,I552V,Nonpersistence of intestinal lactase|not provided,VCV000587528,2,136610458,2.0,135852888,587528,578386,rs776037433,NC_000002.12:135852887:T:C,single nucleotide variant,missense variant,Uncertain significance,"Aug 7, 2018","criteria provided, multiple submitters, no conflicts",,,,,,,
NM_005915.6(MCM6):c.1402C>T (p.Arg468Trp),MCM6,R468W,Nonpersistence of intestinal lactase|not specified,VCV000587497,2,136615535,2.0,135857965,587497,578387,rs138808270,NC_000002.12:135857964:G:A,single nucleotide variant,missense variant,Uncertain significance,"May 18, 2023","criteria provided, multiple submitters, no conflicts",,,,,,,
NM_005915.6(MCM6):c.1366G>A (p.Val456Met),MCM6,V456M,Nonpersistence of intestinal lactase,VCV002433675,2,136615571,2.0,135858001,2433675,2413307,rs191517067,NC_000002.12:135858000:C:T,single nucleotide variant,missense variant,Uncertain significance,"Mar 1, 2019","criteria provided, single submitter",,,,,,,
NM_005915.6(MCM6):c.1362+117G>A,MCM6,,LACTASE PERSISTENCE,VCV000007686,2,136616754,2.0,135859184,7686,22725,rs182549,NC_000002.12:135859183:C:T,single nucleotide variant,intron variant,association,"Jan 26, 2021",no assertion criteria provided,,,,,,,
