CHR_kz,SNP,A1_kz,A2_kz,MAF_kz,NCHROBS_kz,CHR_euro,A1_euro,A2_euro,MAF_euro,NCHROBS_euro,minor_kz,major_kz,minor_euro,major_euro,p_value,p_bonferroni,MAF_diff
2,rs77631953,G,T,0.01695,236,2,G,T,0.004132,242,4,232,1,241,0.3537027990687234,1.0,0.012818
2,rs1042712,C,G,0.2754,236,2,C,G,0.219,242,65,171,53,189,0.18547947644313867,1.0,0.05639999999999998
2,rs3213891,G,A,0.1239,234,2,G,A,0.03306,242,29,205,8,234,0.0004144809171130132,1.0,0.09084
2,rs2322659,T,C,0.4872,234,2,T,C,0.3884,242,114,120,94,148,0.03761177261788613,1.0,0.0988
2,rs2304371,G,A,0.3136,236,2,G,A,0.2479,242,74,162,60,182,0.13485980744327158,1.0,0.06569999999999998
2,rs3739022,A,G,0.1356,236,2,A,G,0.1736,242,32,204,42,200,0.3074212836683113,1.0,0.038000000000000006
2,rs35093754,C,G,0.05932,236,2,C,G,0.02066,242,14,222,5,237,0.05374155521355391,1.0,0.03866
2,rs6719488,T,G,0.4492,236,2,T,G,0.5744,242,106,130,139,103,0.008120660614442323,1.0,0.12520000000000003
2,rs3754689,T,C,0.3602,236,2,T,C,0.2273,242,85,151,55,187,0.0019912378524798956,1.0,0.13290000000000002
2,rs2236783,A,G,0.3707,232,2,A,G,0.5744,242,86,146,139,103,1.3778469166407732e-05,1.0,0.20370000000000005
2,rs34307240,A,G,0.008475,236,2,A,G,0.008264,242,2,234,2,240,1.0,1.0,0.00021099999999999938
