CHR_kz,SNP,A1_kz,A2_kz,MAF_kz,NCHROBS_kz,CHR_asia,A1_asia,A2_asia,MAF_asia,NCHROBS_asia,minor_kz,major_kz,minor_asia,major_asia,p_value,p_bonferroni,MAF_diff
2,rs77631953,G,T,0.01695,236,2,G,T,0.004132,242,4,232,1,241,0.3537027990687234,1.0,0.012818
2,rs1042712,C,G,0.2754,236,2,C,G,0.2066,242,65,171,50,192,0.09839344600890686,1.0,0.06879999999999997
2,rs3213891,G,A,0.1239,234,2,G,A,0.1901,242,29,205,46,196,0.06365680038399422,1.0,0.0662
2,rs2322659,T,C,0.4872,234,2,T,C,0.5041,242,114,120,122,120,0.7809048962556536,1.0,0.01689999999999997
2,rs2304371,G,A,0.3136,236,2,G,A,0.1942,242,74,162,47,195,0.0037913643594509393,1.0,0.11939999999999998
2,rs3739022,A,G,0.1356,236,2,A,G,0.2231,242,32,204,54,188,0.017681239352394396,1.0,0.0875
2,rs35093754,C,G,0.05932,236,2,C,G,0.04132,242,14,222,10,232,0.4892498450022378,1.0,0.017999999999999995
2,rs6719488,T,G,0.4492,236,2,T,G,0.4587,242,106,130,111,131,0.9066646989163462,1.0,0.009500000000000008
2,rs3754689,T,C,0.3602,236,2,T,C,0.314,242,85,151,76,166,0.33211164441344654,1.0,0.04620000000000002
2,rs2236783,A,G,0.3707,232,2,A,G,0.4256,242,86,146,103,139,0.2596901308526993,1.0,0.054900000000000004
2,rs34307240,A,G,0.008475,236,2,A,G,0.0,242,2,234,0,242,0.46757100000213425,1.0,0.008475
